,Train number,Delay in mins,ptr 0,ptr 1,ptr 2,ptr 3,ptr 4,ptr 5,ptr 6,ptr 7,ptr 8,ptr 9,ptr 10,ptr 11,ptr 12,ptr 13,ptr 14,ptr 15,ptr 16,ptr 17,ptr 18,ptr 19,ptr 20,ptr 21,ptr 22,ptr 23,ptr 24,ptr 25,ptr 26,ptr 27,ptr 28,ptr 29,ptr 30,ptr 31,ptr 32,ptr 33,ptr 34,ptr 35,ptr 36,ptr 37,ptr 38,ptr 39,ptr 40,ptr 41,ptr 42,ptr 43,ptr 44,ptr 45,ptr 46,ptr 47,ptr 48,ptr 49,ptr 50,ptr 51,ptr 52,ptr 53,ptr 54,ptr 55,ptr 56,ptr 57,ptr 58,ptr 59,ptr 60,ptr 61,ptr 62,ptr 63,ptr 64,ptr 65,ptr 66,ptr 67,ptr 68,ptr 69,ptr 70,ptr 71,ptr 72,ptr 73,ptr 74
0,11019,63,117,69,69.0,17.0,33.0,35.0,21.0,21.0,47.0,51.0,41.0,75.0,63.0,50.0,441.0,64.0,79.0,295.0,109.0,98.0,162.0,291.0,295.0,148.0,62.0,65.0,28.0,36.0,28.0,100.0,36.0,84.0,278.0,79.0,19.0,68.0,53.0,39.0,223.0,53.0,71.0,26.0,32.0,90.0,59.0,59.0,28.0,18.0,302.0,60.0,,,,,,,,,,,,,,,,,,,,,,,,,
1,11020,30,13,16,30.0,2.0,40.0,6.0,16.0,-30.0,32.0,29.0,20.0,17.0,61.0,226.0,41.0,29.0,52.0,180.0,65.0,41.0,33.0,-5.0,41.0,16.0,30.0,48.0,50.0,106.0,11.0,50.0,14.0,36.0,53.0,12.0,2.0,40.0,17.0,48.0,27.0,16.0,33.0,30.0,55.0,20.0,21.0,34.0,31.0,12.0,-6.0,,,,,,,,,,,,,,,,,,,,,,,,,,
2,12025,5,4,1,9.0,-5.0,12.0,-1.0,21.0,1.0,5.0,-8.0,15.0,1.0,-3.0,6.0,18.0,20.0,9.0,0.0,1.0,9.0,12.0,7.0,10.0,3.0,7.0,15.0,2.0,6.0,15.0,45.0,9.0,5.0,7.0,11.0,1.0,18.0,-5.0,4.0,0.0,14.0,1.0,4.0,4.0,-4.0,6.0,-3.0,15.0,,,,,,,,,,,,,,,,,,,,,,,,,,,,
3,12026,5,7,0,3.0,13.0,16.0,1.0,37.0,29.0,2.0,0.0,0.0,0.0,0.0,4.0,14.0,16.0,7.0,0.0,0.0,11.0,0.0,0.0,0.0,0.0,0.0,0.0,14.0,0.0,9.0,13.0,5.0,9.0,8.0,24.0,5.0,11.0,3.0,10.0,14.0,12.0,5.0,5.0,12.0,0.0,0.0,17.0,1.0,0.0,0.0,21.0,,,,,,,,,,,,,,,,,,,,,,,,,
4,12213,22,30,26,11.0,23.0,48.0,21.0,74.0,15.0,8.0,117.0,36.0,36.0,5.0,8.0,39.0,52.0,0.0,61.0,20.0,9.0,26.0,96.0,0.0,0.0,-2.0,5.0,2.0,0.0,39.0,13.0,24.0,12.0,11.0,13.0,27.0,10.0,164.0,21.0,32.0,24.0,80.0,41.0,59.0,48.0,70.0,20.0,15.0,20.0,53.0,119.0,,,,,,,,,,,,,,,,,,,,,,,,,
5,12214,79,79,48,66.0,119.0,162.0,68.0,103.0,170.0,2.0,59.0,99.0,100.0,188.0,46.0,60.0,198.0,186.0,124.0,522.0,111.0,100.0,-47.0,54.0,-8.0,183.0,5.0,-577.0,-80.0,76.0,499.0,75.0,73.0,52.0,79.0,46.0,68.0,92.0,107.0,107.0,55.0,55.0,186.0,79.0,126.0,194.0,153.0,3.0,,,,,,,,,,,,,,,,,,,,,,,,,,,,
6,12219,7,-7,-3,-11.0,46.0,48.0,42.0,28.0,28.0,112.0,10.0,-11.0,9.0,25.0,11.0,83.0,6.0,-27.0,58.0,64.0,-14.0,4.0,39.0,23.0,-6.0,28.0,-4.0,-9.0,78.0,-19.0,3.0,9.0,26.0,1.0,6.0,42.0,55.0,-39.0,-18.0,-27.0,-18.0,23.0,-12.0,2.0,11.0,26.0,-10.0,-8.0,15.0,-19.0,0.0,,,,,,,,,,,,,,,,,,,,,,,,,
7,12220,2,1,19,14.0,9.0,0.0,0.0,527180.0,83.0,2.0,16.0,12.0,0.0,15.0,0.0,0.0,1.0,12.0,9.0,17.0,16.0,1.0,0.0,0.0,0.0,1.0,2.0,2.0,2.0,0.0,7.0,0.0,39.0,0.0,0.0,77.0,6.0,0.0,19.0,14.0,40.0,0.0,18.0,0.0,15.0,0.0,0.0,3.0,11.0,2.0,61.0,,,,,,,,,,,,,,,,,,,,,,,,,
8,12285,3,0,0,2.0,0.0,29.0,0.0,0.0,5.0,0.0,8.0,1.0,2.0,135.0,23.0,2.0,0.0,0.0,1.0,2.0,9.0,12.0,7.0,9.0,13.0,1.0,4.0,0.0,9.0,9.0,11.0,0.0,0.0,364.0,1.0,0.0,3.0,1.0,0.0,22.0,12.0,9.0,0.0,0.0,6.0,10.0,11.0,14.0,22.0,3.0,-9.0,,,,,,,,,,,,,,,,,,,,,,,,,
9,12286,60,181,24,107.0,62.0,159.0,228.0,73.0,-2.0,-10.0,-3.0,164.0,-28.0,60.0,118.0,-28.0,-9.0,123.0,7.0,110.0,2.0,19.0,-17.0,45.0,30.0,16.0,1.0,71.0,199.0,227.0,11.0,359.0,147.0,1130.0,-12.0,215.0,148.0,409.0,87.0,480.0,1698.0,-75.0,21.0,-3.0,619.0,372.0,3.0,119.0,46.0,0.0,35.0,1.0,,,,,,,,,,,,,,,,,,,,,,,,
10,12437,7,14,1,1.0,1.0,1.0,16.0,17.0,31.0,7.0,9.0,3.0,9.0,3.0,0.0,3.0,10.0,0.0,1.0,19.0,0.0,9.0,9.0,1.0,26.0,10.0,10.0,13.0,14.0,11.0,0.0,18.0,11.0,11.0,2.0,12.0,7.0,6.0,4.0,15.0,1.0,2.0,4.0,14.0,11.0,2.0,7.0,6.0,3.0,2.0,76.0,,,,,,,,,,,,,,,,,,,,,,,,,
11,12438,1,14,17,3.0,21.0,13.0,53.0,24.0,-22.0,44.0,2.0,-7.0,-1.0,-15.0,290.0,-1.0,-21.0,-6.0,-8.0,183.0,-1.0,-13.0,9.0,27.0,-2.0,10.0,8.0,-14.0,8.0,14.0,9.0,0.0,-7.0,0.0,-13.0,32.0,41.0,-6.0,-25.0,46.0,-15.0,-9.0,0.0,-27.0,-19.0,44.0,30.0,-30.0,18.0,-21.0,157.0,,,,,,,,,,,,,,,,,,,,,,,,,
12,12513,0,0,359,0.0,0.0,0.0,33.0,31.0,34.0,0.0,0.0,21.0,0.0,127.0,18.0,0.0,0.0,5.0,0.0,0.0,0.0,11.0,46.0,41.0,16.0,7.0,1.0,13.0,3.0,7.0,9.0,4.0,3.0,6.0,6.0,0.0,0.0,0.0,0.0,0.0,0.0,0.0,0.0,0.0,0.0,0.0,0.0,0.0,0.0,0.0,135.0,,,,,,,,,,,,,,,,,,,,,,,,,
13,12514,42,57,358,489.0,604.0,76.0,30.0,-15.0,242.0,90.0,42.0,160.0,99.0,194.0,216.0,-32.0,101.0,103.0,-9.0,7.0,271.0,294.0,88.0,9.0,42.0,-9.0,153.0,-4.0,-29.0,70.0,-3.0,145.0,161.0,-18.0,-25.0,-9.0,-39.0,-5.0,-10.0,397.0,429.0,80.0,-10.0,107.0,-8.0,-10.0,-27.0,19.0,0.0,0.0,0.0,0.0,0.0,148.0,,,,,,,,,,,,,,,,,,,,,,
14,12589,7,47,22,146.0,50.0,23.0,7.0,18.0,164.0,30.0,320.0,-3.0,104.0,119.0,55.0,5.0,24.0,44.0,299.0,244.0,239.0,39.0,39.0,172.0,325.0,8.0,55.0,1178.0,0.0,0.0,0.0,0.0,0.0,0.0,0.0,0.0,0.0,0.0,0.0,0.0,0.0,0.0,0.0,0.0,0.0,0.0,0.0,0.0,0.0,0.0,13.0,,,,,,,,,,,,,,,,,,,,,,,,,
15,12590,3,26,9,0.0,11.0,0.0,8.0,2.0,0.0,43.0,73.0,49.0,23.0,2.0,25.0,3.0,19.0,14.0,8.0,5.0,256.0,12.0,3.0,3.0,27.0,3.0,3.0,3.0,2.0,9.0,2.0,267.0,722.0,1109.0,141.0,0.0,0.0,0.0,0.0,0.0,0.0,0.0,0.0,0.0,0.0,0.0,0.0,0.0,0.0,0.0,232.0,,,,,,,,,,,,,,,,,,,,,,,,,
16,12591,83,725,38,37.0,127.0,74.0,22.0,82.0,24.0,68.0,375.0,52.0,192.0,106.0,305.0,241.0,201.0,54.0,13.0,59.0,120.0,850.0,142.0,144.0,17.0,59.0,192.0,50.0,194.0,255.0,13.0,126.0,85.0,38.0,142.0,108.0,122.0,120.0,17.0,11.0,29.0,42.0,81.0,1052.0,-1.0,13.0,-16.0,766.0,226.0,0.0,9.0,,,,,,,,,,,,,,,,,,,,,,,,,
17,12592,0,-4,54,-4.0,74.0,79.0,101.0,119.0,66.0,591.0,61.0,108.0,68.0,80.0,116.0,71.0,30.0,53.0,85.0,55.0,-5.0,0.0,0.0,0.0,0.0,0.0,0.0,0.0,0.0,0.0,0.0,0.0,0.0,0.0,0.0,0.0,0.0,0.0,0.0,0.0,0.0,0.0,0.0,0.0,0.0,0.0,0.0,0.0,23.0,,,,,,,,,,,,,,,,,,,,,,,,,,,
18,12603,23,-10,11,1.0,17.0,41.0,7.0,17.0,2.0,32.0,-21.0,92.0,64.0,11.0,10.0,7.0,40.0,5.0,37.0,33.0,39.0,9.0,14.0,23.0,39.0,-8.0,48.0,-4.0,12.0,26.0,3.0,42.0,38.0,16.0,25.0,3.0,39.0,35.0,6.0,-6.0,23.0,33.0,33.0,43.0,30.0,18.0,28.0,64.0,10.0,44.0,-1.0,,,,,,,,,,,,,,,,,,,,,,,,,
19,12604,9,4,10,-7.0,22.0,-2.0,8.0,3.0,12.0,12.0,20.0,0.0,14.0,21.0,11.0,-5.0,9.0,12.0,8.0,3.0,13.0,-6.0,14.0,11.0,10.0,5.0,8.0,33.0,18.0,17.0,7.0,6.0,0.0,8.0,11.0,8.0,22.0,6.0,9.0,8.0,12.0,25.0,12.0,75.0,4.0,19.0,7.0,22.0,9.0,5.0,-19.0,,,,,,,,,,,,,,,,,,,,,,,,,
20,12703,0,64,-19,-17.0,-34.0,-11.0,-29.0,-7.0,61.0,17.0,-21.0,-9.0,143.0,-9.0,5.0,-24.0,-20.0,-8.0,219.0,29.0,-13.0,53.0,-12.0,127.0,-7.0,-10.0,-10.0,-10.0,45.0,9.0,223.0,-3.0,176.0,44.0,-1.0,44.0,-3.0,-6.0,-22.0,-10.0,-8.0,26.0,-4.0,1.0,24.0,4.0,-16.0,-10.0,17.0,104.0,0.0,,,,,,,,,,,,,,,,,,,,,,,,,
21,12704,5,6,4,7.0,5.0,0.0,0.0,0.0,16.0,0.0,0.0,0.0,16.0,0.0,0.0,0.0,7.0,1.0,5.0,1.0,0.0,6.0,14.0,2.0,6.0,4.0,18.0,10.0,38.0,0.0,0.0,6.0,1.0,10.0,5.0,1.0,0.0,8.0,20.0,7.0,9.0,2.0,5.0,10.0,8.0,6.0,10.0,8.0,1.0,17.0,14.0,,,,,,,,,,,,,,,,,,,,,,,,,
22,12705,83,-1,107,0.0,-3.0,8.0,83.0,45.0,106.0,15.0,52.0,121.0,114.0,17.0,116.0,32.0,85.0,127.0,101.0,89.0,59.0,132.0,179.0,107.0,130.0,94.0,137.0,107.0,225.0,67.0,-16.0,15.0,47.0,83.0,43.0,84.0,123.0,106.0,125.0,73.0,98.0,89.0,106.0,38.0,38.0,33.0,40.0,28.0,59.0,75.0,0.0,,,,,,,,,,,,,,,,,,,,,,,,,
23,12706,6,1,0,11.0,69.0,9.0,6.0,4.0,0.0,8.0,12.0,9.0,0.0,3.0,11.0,0.0,6.0,2.0,23.0,1.0,4.0,14.0,1.0,2.0,6.0,0.0,3.0,16.0,1.0,3.0,0.0,29.0,1.0,0.0,7.0,13.0,11.0,14.0,41.0,6.0,7.0,26.0,3.0,1.0,6.0,1.0,18.0,8.0,10.0,0.0,65.0,,,,,,,,,,,,,,,,,,,,,,,,,
24,12709,4,-20,3,-22.0,40.0,-8.0,1.0,-29.0,-20.0,4.0,30.0,19.0,4.0,-28.0,3.0,-9.0,13.0,-30.0,19.0,1.0,36.0,27.0,4.0,47.0,12.0,73.0,6.0,-3.0,54.0,-10.0,25.0,58.0,62.0,117.0,-12.0,19.0,52.0,-7.0,36.0,-4.0,5.0,2.0,-15.0,-24.0,-7.0,26.0,6.0,-4.0,-16.0,-3.0,7.0,,,,,,,,,,,,,,,,,,,,,,,,,
25,12710,7,6,0,2.0,0.0,17.0,6.0,19.0,18.0,118.0,0.0,10.0,0.0,0.0,7.0,10.0,7.0,15.0,0.0,15.0,10.0,0.0,12.0,9.0,14.0,2.0,4.0,13.0,0.0,6.0,6.0,17.0,11.0,12.0,27.0,2.0,2.0,8.0,14.0,17.0,37.0,0.0,0.0,5.0,28.0,1.0,10.0,13.0,51.0,4.0,13.0,,,,,,,,,,,,,,,,,,,,,,,,,
26,12713,15,1,15,7.0,5.0,-2.0,-1.0,-4.0,41.0,24.0,-4.0,31.0,-6.0,13.0,15.0,1.0,45.0,5.0,0.0,72.0,78.0,32.0,40.0,99.0,60.0,6.0,26.0,32.0,-5.0,22.0,-3.0,3.0,42.0,39.0,-8.0,36.0,15.0,13.0,23.0,22.0,15.0,-5.0,38.0,26.0,53.0,22.0,0.0,39.0,138.0,61.0,9.0,9.0,,,,,,,,,,,,,,,,,,,,,,,,
27,12714,6,5,12,7.0,0.0,5.0,10.0,2.0,0.0,0.0,28.0,0.0,2.0,19.0,6.0,0.0,0.0,15.0,0.0,0.0,15.0,13.0,5.0,0.0,1.0,11.0,11.0,15.0,14.0,0.0,6.0,2.0,7.0,23.0,18.0,12.0,7.0,0.0,7.0,3.0,2.0,1.0,14.0,0.0,0.0,13.0,9.0,7.0,3.0,9.0,101.0,,,,,,,,,,,,,,,,,,,,,,,,,
28,12719,43,15,44,38.0,108.0,471.0,39.0,414.0,28.0,57.0,96.0,26.0,99.0,13.0,47.0,42.0,21.0,14.0,13.0,127.0,45.0,4.0,87.0,13.0,266.0,198.0,31.0,36.0,33.0,-23.0,47.0,103.0,113.0,71.0,206.0,10.0,98.0,71.0,47.0,23.0,11.0,29.0,41.0,26.0,37.0,2.0,71.0,52.0,9.0,44.0,0.0,,,,,,,,,,,,,,,,,,,,,,,,,
29,12720,10,11,-2,-2.0,-7.0,8.0,-6.0,0.0,18.0,10.0,3.0,5.0,10.0,-3.0,3.0,9.0,13.0,9.0,0.0,16.0,10.0,10.0,25.0,1.0,6.0,10.0,5.0,9.0,10.0,7.0,8.0,-5.0,25.0,16.0,22.0,32.0,24.0,13.0,35.0,11.0,40.0,21.0,21.0,36.0,16.0,28.0,17.0,18.0,45.0,56.0,0.0,,,,,,,,,,,,,,,,,,,,,,,,,
30,12721,22,32,13,41.0,38.0,28.0,24.0,16.0,9.0,42.0,40.0,4.0,39.0,16.0,56.0,16.0,11.0,14.0,19.0,14.0,14.0,23.0,19.0,11.0,35.0,18.0,18.0,49.0,33.0,78.0,16.0,21.0,15.0,64.0,11.0,9.0,15.0,42.0,14.0,9.0,33.0,51.0,27.0,26.0,23.0,12.0,71.0,33.0,43.0,53.0,47.0,,,,,,,,,,,,,,,,,,,,,,,,,
31,12722,99,5,139,28.0,112.0,35.0,39.0,15.0,0.0,68.0,94.0,65.0,127.0,107.0,82.0,53.0,49.0,126.0,62.0,81.0,54.0,173.0,94.0,180.0,10.0,114.0,80.0,52.0,113.0,135.0,96.0,370.0,40.0,147.0,113.0,329.0,268.0,104.0,189.0,119.0,62.0,193.0,107.0,112.0,145.0,126.0,78.0,92.0,103.0,109.0,207.0,,,,,,,,,,,,,,,,,,,,,,,,,
32,12723,16,8,16,318.0,703.0,195.0,284.0,9.0,75.0,9.0,97.0,180.0,9.0,77.0,22.0,70.0,9.0,21.0,13.0,10.0,215.0,14.0,11.0,309.0,8.0,10.0,12.0,17.0,8.0,12.0,18.0,27.0,23.0,27.0,18.0,14.0,13.0,23.0,9.0,10.0,21.0,32.0,29.0,17.0,12.0,11.0,9.0,-11.0,12.0,9.0,45.0,,,,,,,,,,,,,,,,,,,,,,,,,
33,12724,69,712,0,668.0,0.0,55.0,59.0,370.0,465.0,65.0,0.0,68.0,101.0,327.0,54.0,46.0,542.0,713.0,132.0,122.0,64.0,52.0,223.0,64.0,71.0,80.0,253.0,61.0,57.0,42.0,61.0,74.0,158.0,113.0,111.0,73.0,110.0,44.0,75.0,49.0,115.0,64.0,38.0,232.0,104.0,43.0,44.0,77.0,55.0,66.0,143.0,,,,,,,,,,,,,,,,,,,,,,,,,
34,12727,63,37,24,64.0,92.0,28.0,63.0,46.0,0.0,63.0,87.0,87.0,38.0,9.0,37.0,71.0,119.0,35.0,96.0,54.0,44.0,72.0,0.0,16.0,114.0,38.0,80.0,-51.0,141.0,126.0,74.0,30.0,20.0,123.0,50.0,52.0,57.0,33.0,95.0,61.0,71.0,95.0,55.0,108.0,95.0,62.0,168.0,173.0,80.0,141.0,32.0,,,,,,,,,,,,,,,,,,,,,,,,,
35,12728,11,30,63,11.0,-2.0,10.0,19.0,8.0,17.0,10.0,18.0,12.0,9.0,9.0,10.0,9.0,12.0,11.0,21.0,11.0,7.0,15.0,8.0,0.0,10.0,9.0,12.0,11.0,9.0,20.0,18.0,11.0,13.0,14.0,10.0,26.0,8.0,8.0,18.0,29.0,14.0,21.0,32.0,24.0,-12.0,2.0,9.0,8.0,51.0,6.0,-17.0,,,,,,,,,,,,,,,,,,,,,,,,,
36,12731,14,4,19,-1.0,53.0,-15.0,20.0,215.0,-31.0,40.0,30.0,8.0,7.0,48.0,66.0,50.0,-1.0,51.0,61.0,66.0,25.0,6.0,53.0,-114.0,-711.0,-149.0,-19.0,-47.0,9.0,-4.0,-13.0,-33.0,-1.0,3.0,-5.0,39.0,-2.0,16.0,-24.0,13.0,62.0,-3.0,55.0,44.0,121.0,50.0,59.0,108.0,50.0,98.0,79.0,,,,,,,,,,,,,,,,,,,,,,,,,
37,12732,4,2,0,0.0,6.0,0.0,12.0,11.0,35.0,0.0,0.0,5.0,12.0,3.0,0.0,0.0,11.0,2.0,1.0,2.0,0.0,0.0,15.0,18.0,0.0,1.0,7.0,0.0,0.0,18.0,13.0,0.0,2.0,0.0,11.0,0.0,0.0,27.0,130.0,133.0,127.0,0.0,0.0,9.0,13.0,9.0,7.0,10.0,11.0,23.0,52.0,,,,,,,,,,,,,,,,,,,,,,,,,
38,12733,22,33,32,6.0,13.0,7.0,22.0,-10.0,12.0,31.0,9.0,7.0,-2.0,166.0,11.0,14.0,22.0,1.0,12.0,-5.0,59.0,9.0,-3.0,115.0,19.0,25.0,73.0,20.0,28.0,16.0,44.0,9.0,14.0,23.0,21.0,24.0,37.0,63.0,11.0,47.0,63.0,61.0,59.0,38.0,-10.0,75.0,89.0,27.0,34.0,8.0,1.0,,,,,,,,,,,,,,,,,,,,,,,,,
39,12734,23,17,10,12.0,11.0,-1.0,4.0,2.0,24.0,6.0,107.0,157.0,66.0,19.0,248.0,185.0,100.0,13.0,20.0,14.0,26.0,11.0,8.0,46.0,7.0,33.0,63.0,12.0,12.0,17.0,27.0,26.0,40.0,42.0,19.0,42.0,47.0,91.0,110.0,63.0,93.0,19.0,84.0,44.0,56.0,103.0,14.0,3.0,22.0,1.0,0.0,,,,,,,,,,,,,,,,,,,,,,,,,
40,12735,4,1,0,0.0,0.0,0.0,12.0,9.0,1.0,0.0,9.0,2.0,5.0,7.0,4.0,0.0,1.0,8.0,1.0,0.0,8.0,17.0,0.0,0.0,14.0,0.0,10.0,0.0,0.0,10.0,12.0,0.0,0.0,5.0,7.0,7.0,4.0,5.0,1.0,6.0,6.0,24.0,9.0,8.0,0.0,0.0,4.0,9.0,28.0,4.0,-1.0,,,,,,,,,,,,,,,,,,,,,,,,,
41,12736,4,27,0,-3.0,15.0,4.0,35.0,67.0,-10.0,81.0,3.0,30.0,12.0,-15.0,9.0,28.0,33.0,-36.0,6.0,26.0,-17.0,-4.0,45.0,20.0,2.0,24.0,-6.0,17.0,41.0,1.0,-9.0,0.0,-2.0,29.0,11.0,9.0,-18.0,75.0,150.0,3.0,103.0,-2.0,26.0,-5.0,-9.0,14.0,2.0,-23.0,-7.0,-16.0,-2.0,25.0,,,,,,,,,,,,,,,,,,,,,,,,
42,12737,55,54,68,41.0,47.0,47.0,27.0,31.0,57.0,65.0,69.0,103.0,17.0,40.0,87.0,109.0,79.0,0.0,88.0,55.0,54.0,58.0,45.0,39.0,43.0,91.0,16.0,31.0,55.0,126.0,51.0,37.0,62.0,59.0,52.0,53.0,35.0,85.0,37.0,66.0,116.0,58.0,75.0,55.0,95.0,42.0,107.0,58.0,133.0,13.0,,,,,,,,,,,,,,,,,,,,,,,,,,
43,12738,14,14,19,7.0,18.0,14.0,10.0,11.0,6.0,5.0,8.0,18.0,9.0,28.0,16.0,11.0,17.0,4.0,25.0,8.0,18.0,87.0,3.0,0.0,12.0,11.0,11.0,13.0,16.0,9.0,21.0,23.0,15.0,17.0,54.0,6.0,12.0,10.0,8.0,3.0,36.0,15.0,57.0,14.0,48.0,25.0,3.0,25.0,58.0,30.0,-10.0,,,,,,,,,,,,,,,,,,,,,,,,,
44,12739,6,6,-8,6.0,-28.0,8.0,-32.0,-15.0,-16.0,-8.0,-3.0,8.0,-3.0,3.0,15.0,2.0,-8.0,8.0,34.0,-8.0,-17.0,15.0,9.0,-33.0,93.0,54.0,-8.0,-10.0,33.0,49.0,42.0,17.0,16.0,43.0,96.0,13.0,-8.0,0.0,-7.0,11.0,10.0,0.0,0.0,-9.0,-2.0,9.0,62.0,103.0,8.0,34.0,1.0,,,,,,,,,,,,,,,,,,,,,,,,,
45,12740,2,0,9,2.0,2.0,5.0,16.0,14.0,2.0,0.0,2.0,2.0,1.0,6.0,15.0,1.0,1.0,0.0,1.0,15.0,12.0,0.0,13.0,14.0,14.0,15.0,1.0,1.0,3.0,3.0,74.0,12.0,1.0,9.0,0.0,2.0,1.0,0.0,1.0,12.0,1.0,8.0,24.0,15.0,1.0,1.0,18.0,10.0,0.0,7.0,0.0,,,,,,,,,,,,,,,,,,,,,,,,,
46,12745,4,0,0,75.0,0.0,85.0,75.0,0.0,0.0,0.0,135.0,197.0,0.0,0.0,0.0,0.0,98.0,0.0,105.0,46.0,132.0,75.0,123.0,0.0,0.0,144.0,133.0,0.0,0.0,0.0,13.0,0.0,0.0,0.0,81.0,0.0,0.0,0.0,9.0,0.0,27.0,53.0,15.0,17.0,4.0,65.0,5.0,17.0,7.0,126.0,12.0,,,,,,,,,,,,,,,,,,,,,,,,,
47,12746,7,12,-7,-18.0,-5.0,-11.0,4.0,-4.0,-26.0,-5.0,31.0,21.0,35.0,8.0,101.0,2.0,-1.0,3.0,4.0,3.0,9.0,29.0,0.0,10.0,-1.0,-22.0,5.0,72.0,-14.0,12.0,-7.0,0.0,6.0,-3.0,-8.0,6.0,9.0,62.0,51.0,15.0,50.0,8.0,-3.0,58.0,38.0,98.0,122.0,12.0,28.0,20.0,138.0,-9.0,16.0,,,,,,,,,,,,,,,,,,,,,,,
48,12747,39,38,0,10.0,41.0,42.0,27.0,37.0,21.0,30.0,62.0,50.0,50.0,15.0,67.0,80.0,26.0,35.0,58.0,40.0,55.0,44.0,38.0,82.0,27.0,57.0,95.0,9.0,35.0,42.0,53.0,49.0,13.0,37.0,21.0,40.0,36.0,19.0,42.0,60.0,45.0,25.0,42.0,34.0,49.0,50.0,17.0,18.0,63.0,38.0,24.0,,,,,,,,,,,,,,,,,,,,,,,,,
49,12748,7,6,-7,8.0,7.0,18.0,0.0,9.0,-5.0,53.0,3.0,3.0,-4.0,12.0,7.0,9.0,8.0,5.0,0.0,7.0,0.0,3.0,7.0,3.0,13.0,-1.0,5.0,9.0,7.0,13.0,7.0,2.0,27.0,7.0,15.0,10.0,22.0,2.0,2.0,25.0,22.0,13.0,26.0,8.0,27.0,48.0,44.0,6.0,19.0,31.0,51.0,,,,,,,,,,,,,,,,,,,,,,,,,
50,12749,107,46,146,120.0,79.0,92.0,97.0,87.0,155.0,159.0,185.0,116.0,166.0,181.0,123.0,101.0,98.0,147.0,121.0,110.0,179.0,133.0,72.0,94.0,151.0,149.0,71.0,164.0,55.0,134.0,82.0,81.0,112.0,105.0,129.0,70.0,51.0,84.0,62.0,58.0,104.0,80.0,137.0,112.0,102.0,152.0,100.0,79.0,154.0,118.0,-1.0,,,,,,,,,,,,,,,,,,,,,,,,,
51,12750,35,20,6,22.0,30.0,20.0,61.0,37.0,30.0,38.0,41.0,43.0,2.0,18.0,20.0,36.0,22.0,54.0,44.0,38.0,61.0,35.0,58.0,37.0,26.0,41.0,49.0,62.0,50.0,52.0,31.0,22.0,24.0,51.0,18.0,17.0,41.0,28.0,33.0,42.0,29.0,29.0,26.0,34.0,29.0,41.0,35.0,53.0,33.0,35.0,64.0,3.0,,,,,,,,,,,,,,,,,,,,,,,,
52,12755,26,17,165,85.0,-29.0,-15.0,-2.0,70.0,14.0,19.0,12.0,2.0,-22.0,67.0,44.0,51.0,36.0,27.0,67.0,141.0,23.0,34.0,81.0,109.0,810.0,585.0,87.0,24.0,26.0,84.0,68.0,64.0,-2.0,25.0,57.0,9.0,72.0,20.0,-10.0,39.0,10.0,56.0,52.0,59.0,22.0,18.0,6.0,20.0,21.0,-3.0,51.0,,,,,,,,,,,,,,,,,,,,,,,,,
53,12756,38,52,241,33.0,299.0,32.0,9.0,57.0,66.0,48.0,53.0,67.0,47.0,5.0,43.0,36.0,78.0,60.0,252.0,39.0,1016.0,724.0,35.0,49.0,27.0,15.0,70.0,38.0,-18.0,6.0,-9.0,13.0,-10.0,-9.0,24.0,38.0,12.0,39.0,42.0,32.0,34.0,49.0,46.0,50.0,5.0,6.0,-20.0,45.0,-5.0,17.0,9.0,,,,,,,,,,,,,,,,,,,,,,,,,
54,12757,5,8,0,9.0,24.0,0.0,12.0,18.0,11.0,51.0,1.0,4.0,0.0,1.0,11.0,8.0,0.0,17.0,4.0,1.0,8.0,1.0,1.0,9.0,12.0,1.0,5.0,0.0,2.0,3.0,13.0,10.0,15.0,10.0,0.0,1.0,8.0,0.0,23.0,7.0,0.0,5.0,0.0,1.0,11.0,10.0,5.0,8.0,3.0,2.0,49.0,,,,,,,,,,,,,,,,,,,,,,,,,
55,12758,60,15,233,233.0,53.0,119.0,210.0,216.0,106.0,144.0,9.0,85.0,9.0,8.0,84.0,139.0,94.0,89.0,53.0,-16.0,16.0,-15.0,-5.0,-5.0,16.0,17.0,-6.0,105.0,65.0,80.0,60.0,72.0,77.0,26.0,56.0,13.0,142.0,104.0,85.0,114.0,42.0,75.0,22.0,30.0,60.0,13.0,1068.0,36.0,68.0,12.0,-4.0,85.0,118.0,91.0,23.0,57.0,49.0,50.0,68.0,34.0,58.0,68.0,89.0,55.0,,,,,,,,,,,,
56,12759,60,42,40,58.0,156.0,36.0,40.0,64.0,49.0,49.0,25.0,22.0,89.0,35.0,52.0,62.0,61.0,85.0,139.0,82.0,94.0,0.0,55.0,49.0,45.0,55.0,62.0,89.0,66.0,71.0,109.0,81.0,139.0,52.0,73.0,53.0,-493.0,36.0,130.0,59.0,69.0,85.0,113.0,68.0,29.0,143.0,74.0,50.0,151.0,55.0,9.0,,,,,,,,,,,,,,,,,,,,,,,,,
57,12760,10,12,29,27.0,6.0,40.0,8.0,16.0,18.0,8.0,8.0,12.0,8.0,14.0,13.0,16.0,11.0,13.0,8.0,10.0,10.0,13.0,7.0,13.0,8.0,33.0,9.0,9.0,7.0,18.0,-8.0,19.0,-5.0,0.0,10.0,-10.0,9.0,13.0,10.0,23.0,6.0,8.0,12.0,28.0,10.0,24.0,8.0,40.0,19.0,23.0,-11.0,,,,,,,,,,,,,,,,,,,,,,,,,
58,12763,14,54,82,32.0,57.0,74.0,-8.0,-3.0,54.0,4.0,4.0,1.0,95.0,7.0,112.0,28.0,2.0,36.0,46.0,89.0,-3.0,1.0,14.0,9.0,14.0,-5.0,7.0,26.0,59.0,10.0,76.0,8.0,138.0,14.0,80.0,46.0,41.0,35.0,49.0,3.0,-10.0,12.0,-8.0,69.0,7.0,15.0,38.0,64.0,13.0,4.0,17.0,,,,,,,,,,,,,,,,,,,,,,,,,
59,12764,8,0,12,14.0,12.0,14.0,11.0,1.0,0.0,0.0,0.0,12.0,3.0,0.0,18.0,18.0,14.0,3.0,0.0,13.0,8.0,10.0,14.0,3.0,0.0,4.0,9.0,5.0,2.0,0.0,7.0,0.0,11.0,12.0,12.0,9.0,5.0,0.0,9.0,5.0,0.0,12.0,0.0,1.0,8.0,0.0,16.0,24.0,12.0,14.0,-4.0,,,,,,,,,,,,,,,,,,,,,,,,,
60,12769,12,-31,-17,-1.0,32.0,10.0,34.0,24.0,38.0,12.0,44.0,-6.0,31.0,-6.0,47.0,9.0,25.0,25.0,1.0,-5.0,46.0,85.0,76.0,7.0,12.0,9.0,-4.0,362.0,-18.0,-22.0,118.0,-1.0,62.0,61.0,-12.0,67.0,-31.0,-7.0,54.0,-23.0,49.0,17.0,55.0,-6.0,96.0,17.0,25.0,4.0,-2.0,7.0,0.0,,,,,,,,,,,,,,,,,,,,,,,,,
61,12770,2,0,0,0.0,55.0,0.0,0.0,48.0,5.0,0.0,0.0,0.0,61.0,0.0,0.0,0.0,0.0,2.0,68.0,2.0,0.0,13.0,0.0,7.0,12.0,7.0,74.0,0.0,0.0,0.0,0.0,0.0,0.0,0.0,15.0,100.0,29.0,6.0,0.0,2.0,0.0,5.0,9.0,12.0,3.0,5.0,4.0,2.0,6.0,10.0,19.0,,,,,,,,,,,,,,,,,,,,,,,,,
62,12771,2,16,18,60.0,0.0,0.0,9.0,19.0,132.0,0.0,0.0,0.0,0.0,8.0,0.0,13.0,0.0,1.0,17.0,0.0,26.0,0.0,11.0,22.0,19.0,16.0,0.0,2.0,13.0,108.0,0.0,0.0,18.0,2.0,0.0,72.0,78.0,0.0,0.0,0.0,75.0,0.0,0.0,0.0,62.0,0.0,38.0,0.0,0.0,46.0,12.0,,,,,,,,,,,,,,,,,,,,,,,,,
63,12772,54,1,-2,49.0,12.0,117.0,139.0,13.0,66.0,74.0,51.0,85.0,42.0,121.0,48.0,107.0,105.0,76.0,81.0,120.0,162.0,211.0,101.0,82.0,184.0,257.0,42.0,48.0,142.0,69.0,54.0,130.0,55.0,16.0,48.0,79.0,40.0,177.0,20.0,46.0,29.0,72.0,42.0,0.0,75.0,29.0,49.0,-2.0,21.0,0.0,47.0,21.0,,,,,,,,,,,,,,,,,,,,,,,,
64,12773,8,-30,8,80.0,22.0,172.0,112.0,2.0,-17.0,-54.0,151.0,8.0,-57.0,202.0,58.0,-4.0,116.0,-32.0,8.0,125.0,-10.0,19.0,-13.0,253.0,46.0,12.0,8.0,-7.0,3.0,42.0,33.0,50.0,-3.0,14.0,-5.0,2.0,47.0,68.0,-32.0,133.0,25.0,8.0,35.0,-2.0,0.0,0.0,0.0,0.0,0.0,0.0,1.0,,,,,,,,,,,,,,,,,,,,,,,,,
65,12774,3,2,0,0.0,6.0,3.0,23.0,8.0,2.0,13.0,25.0,28.0,1.0,0.0,0.0,0.0,0.0,40.0,48.0,21.0,0.0,0.0,0.0,1.0,9.0,1.0,1.0,8.0,4.0,18.0,9.0,7.0,4.0,4.0,2.0,5.0,2.0,5.0,10.0,5.0,1.0,6.0,4.0,3.0,4.0,3.0,4.0,1.0,1.0,2.0,-6.0,,,,,,,,,,,,,,,,,,,,,,,,,
66,12775,74,105,87,123.0,72.0,14.0,61.0,5.0,97.0,52.0,73.0,113.0,89.0,121.0,55.0,120.0,109.0,53.0,10.0,124.0,75.0,68.0,25.0,71.0,58.0,90.0,115.0,69.0,127.0,112.0,54.0,96.0,61.0,72.0,16.0,110.0,128.0,81.0,117.0,78.0,107.0,61.0,172.0,100.0,50.0,107.0,13.0,69.0,65.0,23.0,19.0,,,,,,,,,,,,,,,,,,,,,,,,,
67,12776,17,11,7,17.0,18.0,11.0,11.0,14.0,13.0,5.0,15.0,2.0,3.0,7.0,24.0,13.0,27.0,19.0,17.0,-7.0,9.0,39.0,94.0,20.0,3.0,33.0,61.0,-5.0,17.0,4.0,44.0,43.0,21.0,12.0,25.0,42.0,28.0,14.0,26.0,31.0,23.0,48.0,16.0,7.0,18.0,45.0,7.0,25.0,19.0,12.0,-5.0,,,,,,,,,,,,,,,,,,,,,,,,,
68,12783,0,30,-10,-10.0,27.0,-4.0,5.0,-15.0,-2.0,-13.0,-21.0,-9.0,10.0,19.0,0.0,1.0,-21.0,-320.0,-6.0,-159.0,4.0,-20.0,-22.0,-12.0,-16.0,2.0,3.0,5.0,30.0,0.0,-2.0,97.0,79.0,64.0,30.0,43.0,4.0,-21.0,-9.0,17.0,-35.0,5.0,10.0,-9.0,34.0,55.0,-18.0,6.0,59.0,-3.0,-37.0,3.0,,,,,,,,,,,,,,,,,,,,,,,,
69,12784,4,13,0,125.0,16.0,2.0,3.0,0.0,24.0,15.0,1.0,9.0,0.0,15.0,0.0,13.0,0.0,0.0,0.0,24.0,0.0,0.0,0.0,21.0,18.0,37.0,8.0,5.0,9.0,0.0,0.0,7.0,4.0,2.0,4.0,3.0,3.0,3.0,12.0,5.0,4.0,5.0,27.0,3.0,4.0,13.0,5.0,1.0,2.0,5.0,15.0,,,,,,,,,,,,,,,,,,,,,,,,,
70,12787,23,13,15,-9.0,10.0,70.0,7.0,15.0,58.0,2.0,12.0,59.0,22.0,57.0,67.0,62.0,37.0,90.0,78.0,115.0,73.0,16.0,28.0,76.0,10.0,61.0,65.0,2.0,15.0,31.0,64.0,60.0,18.0,18.0,22.0,43.0,39.0,79.0,8.0,18.0,39.0,24.0,27.0,15.0,10.0,7.0,33.0,10.0,2.0,0.0,39.0,,,,,,,,,,,,,,,,,,,,,,,,,
71,12788,38,36,8,27.0,14.0,15.0,69.0,92.0,25.0,125.0,25.0,78.0,1.0,0.0,56.0,100.0,-4.0,69.0,132.0,23.0,119.0,35.0,314.0,161.0,49.0,153.0,26.0,35.0,56.0,53.0,142.0,-3.0,56.0,28.0,8.0,50.0,-5.0,63.0,35.0,18.0,25.0,38.0,4.0,105.0,54.0,58.0,50.0,11.0,6.0,54.0,14.0,,,,,,,,,,,,,,,,,,,,,,,,,
72,12791,7,22,0,9.0,4.0,4.0,0.0,75.0,76.0,10.0,70.0,1.0,0.0,0.0,12.0,16.0,16.0,6.0,5.0,10.0,0.0,11.0,1.0,0.0,14.0,0.0,90.0,75.0,0.0,9.0,0.0,0.0,0.0,233.0,34.0,26.0,27.0,9.0,10.0,80.0,4.0,7.0,34.0,5.0,0.0,1.0,2.0,0.0,0.0,8.0,3.0,,,,,,,,,,,,,,,,,,,,,,,,,
73,12792,37,2,27,2.0,26.0,53.0,32.0,91.0,50.0,131.0,24.0,60.0,-13.0,-10.0,36.0,46.0,89.0,54.0,60.0,2.0,64.0,59.0,16.0,20.0,9.0,43.0,89.0,24.0,106.0,62.0,-17.0,41.0,-2.0,116.0,0.0,5.0,25.0,42.0,38.0,123.0,-10.0,19.0,75.0,66.0,145.0,-4.0,20.0,47.0,131.0,6.0,6.0,,,,,,,,,,,,,,,,,,,,,,,,,
74,12793,21,15,8,8.0,11.0,-23.0,27.0,3.0,27.0,-4.0,0.0,3.0,16.0,0.0,19.0,85.0,18.0,24.0,18.0,-5.0,10.0,12.0,29.0,60.0,20.0,41.0,62.0,36.0,4.0,27.0,23.0,26.0,12.0,42.0,68.0,7.0,11.0,27.0,24.0,20.0,41.0,66.0,64.0,28.0,14.0,85.0,68.0,34.0,29.0,55.0,-18.0,,,,,,,,,,,,,,,,,,,,,,,,,
75,12794,0,-2,12,5.0,-23.0,-12.0,-6.0,-29.0,-6.0,0.0,-4.0,26.0,-6.0,-4.0,-10.0,2.0,4.0,-22.0,12.0,-22.0,-60.0,17.0,-7.0,-22.0,-15.0,-30.0,8.0,-1.0,-16.0,-19.0,-28.0,15.0,26.0,13.0,11.0,-8.0,-10.0,2.0,6.0,-20.0,-11.0,5.0,8.0,-9.0,-15.0,-8.0,28.0,-2.0,28.0,7.0,24.0,,,,,,,,,,,,,,,,,,,,,,,,,
76,12795,24,35,22,37.0,40.0,10.0,28.0,24.0,32.0,32.0,36.0,33.0,23.0,23.0,4.0,40.0,41.0,101.0,11.0,-4.0,23.0,53.0,8.0,36.0,35.0,40.0,52.0,9.0,17.0,38.0,46.0,12.0,47.0,24.0,14.0,21.0,13.0,19.0,7.0,16.0,35.0,29.0,6.0,37.0,49.0,3.0,-6.0,0.0,0.0,-9.0,9.0,,,,,,,,,,,,,,,,,,,,,,,,,
77,12796,6,12,-2,8.0,-2.0,5.0,21.0,7.0,15.0,5.0,0.0,7.0,3.0,2.0,-2.0,0.0,0.0,12.0,-5.0,3.0,0.0,4.0,4.0,7.0,1.0,8.0,-4.0,12.0,4.0,14.0,11.0,13.0,2.0,6.0,7.0,12.0,2.0,18.0,1.0,4.0,9.0,6.0,10.0,10.0,5.0,7.0,2.0,15.0,15.0,8.0,20.0,30.0,,,,,,,,,,,,,,,,,,,,,,,,
78,12805,56,46,46,35.0,66.0,35.0,39.0,56.0,33.0,47.0,52.0,90.0,23.0,41.0,64.0,240.0,75.0,305.0,89.0,85.0,71.0,6.0,52.0,65.0,13.0,211.0,49.0,45.0,66.0,48.0,50.0,44.0,79.0,75.0,72.0,84.0,97.0,49.0,34.0,90.0,162.0,24.0,25.0,72.0,101.0,51.0,75.0,221.0,92.0,4.0,,,,,,,,,,,,,,,,,,,,,,,,,,
79,12806,6,5,8,7.0,0.0,0.0,10.0,1.0,0.0,2.0,-1.0,3.0,7.0,-6.0,-3.0,8.0,-4.0,23.0,10.0,7.0,22.0,19.0,10.0,1.0,-1.0,14.0,9.0,-1.0,-9.0,14.0,2.0,10.0,-13.0,15.0,14.0,10.0,10.0,4.0,24.0,-4.0,17.0,10.0,-1.0,1.0,-1.0,7.0,20.0,15.0,4.0,3.0,15.0,,,,,,,,,,,,,,,,,,,,,,,,,
80,17001,36,134,15,295.0,97.0,116.0,10.0,-10.0,-7.0,71.0,102.0,95.0,83.0,13.0,20.0,36.0,9.0,-6.0,29.0,5.0,129.0,81.0,14.0,40.0,-8.0,96.0,51.0,142.0,40.0,161.0,-32.0,70.0,23.0,-6.0,63.0,173.0,59.0,48.0,45.0,-8.0,29.0,18.0,-9.0,-10.0,36.0,101.0,6.0,6.0,1.0,57.0,89.0,0.0,,,,,,,,,,,,,,,,,,,,,,,,
81,17002,1,1,0,0.0,0.0,0.0,52.0,0.0,4.0,0.0,0.0,0.0,0.0,1.0,1.0,22.0,1.0,3.0,0.0,0.0,0.0,0.0,12.0,0.0,14.0,34.0,14.0,3.0,0.0,13.0,1.0,16.0,0.0,85.0,0.0,0.0,0.0,0.0,0.0,0.0,1.0,1.0,0.0,7.0,17.0,2.0,8.0,11.0,9.0,5.0,10.0,,,,,,,,,,,,,,,,,,,,,,,,,
82,17005,12,35,24,6.0,26.0,12.0,13.0,21.0,69.0,23.0,11.0,220.0,11.0,14.0,15.0,-102.0,24.0,9.0,22.0,98.0,-40.0,10.0,16.0,11.0,30.0,15.0,32.0,25.0,28.0,7.0,4.0,50.0,15.0,8.0,9.0,6.0,10.0,9.0,14.0,28.0,14.0,0.0,0.0,0.0,0.0,0.0,0.0,0.0,0.0,235.0,,,,,,,,,,,,,,,,,,,,,,,,,,
83,17006,235,234,296,217.0,257.0,-1543.0,295.0,188.0,281.0,356.0,346.0,319.0,199.0,335.0,320.0,329.0,212.0,210.0,235.0,214.0,261.0,595.0,175.0,915.0,195.0,247.0,292.0,519.0,171.0,414.0,191.0,259.0,314.0,462.0,299.0,225.0,557.0,524.0,416.0,0.0,0.0,0.0,0.0,0.0,0.0,0.0,0.0,0.0,0.0,0.0,0.0,,,,,,,,,,,,,,,,,,,,,,,,,
84,17007,15,133,156,0.0,190.0,179.0,0.0,22.0,190.0,0.0,0.0,0.0,45.0,0.0,17.0,0.0,242.0,14.0,6.0,0.0,104.0,0.0,0.0,0.0,0.0,0.0,116.0,0.0,18.0,26.0,1.0,17.0,58.0,4.0,21.0,20.0,24.0,39.0,13.0,40.0,3.0,48.0,23.0,121.0,37.0,121.0,5.0,5.0,14.0,12.0,111.0,,,,,,,,,,,,,,,,,,,,,,,,,
85,17008,265,167,154,305.0,298.0,288.0,424.0,151.0,408.0,397.0,349.0,353.0,483.0,183.0,173.0,318.0,239.0,322.0,532.0,411.0,321.0,486.0,286.0,344.0,414.0,299.0,127.0,48.0,231.0,58.0,124.0,197.0,134.0,178.0,-85.0,114.0,170.0,187.0,110.0,421.0,189.0,361.0,207.0,354.0,245.0,122.0,412.0,451.0,316.0,212.0,13.0,,,,,,,,,,,,,,,,,,,,,,,,,
86,17010,3,37,1,8.0,8.0,7.0,10.0,9.0,14.0,1.0,6.0,12.0,3.0,6.0,17.0,1.0,8.0,0.0,3.0,11.0,15.0,6.0,5.0,4.0,3.0,15.0,9.0,4.0,4.0,5.0,1.0,0.0,0.0,0.0,0.0,0.0,0.0,0.0,0.0,0.0,0.0,0.0,0.0,0.0,0.0,0.0,0.0,0.0,0.0,0.0,-22.0,,,,,,,,,,,,,,,,,,,,,,,,,
87,17011,0,11,3,9.0,4.0,-12.0,5.0,-1.0,7.0,13.0,9.0,26.0,14.0,4.0,10.0,9.0,9.0,12.0,-2.0,13.0,1.0,-2.0,8.0,-4.0,-1.0,14.0,5.0,-4.0,24.0,0.0,0.0,0.0,0.0,0.0,0.0,0.0,0.0,0.0,0.0,0.0,0.0,0.0,0.0,0.0,0.0,0.0,0.0,0.0,0.0,0.0,55.0,,,,,,,,,,,,,,,,,,,,,,,,,
88,17012,30,92,150,167.0,16.0,46.0,117.0,152.0,59.0,85.0,10.0,74.0,23.0,56.0,30.0,62.0,97.0,130.0,119.0,58.0,75.0,153.0,115.0,39.0,72.0,41.0,74.0,26.0,58.0,-3.0,119.0,50.0,53.0,87.0,36.0,69.0,161.0,15.0,15.0,15.0,15.0,15.0,15.0,15.0,15.0,15.0,15.0,15.0,15.0,15.0,15.0,15.0,15.0,15.0,15.0,15.0,15.0,15.0,15.0,15.0,15.0,15.0,15.0,-6.0,,,,,,,,,,,,
89,17013,45,54,115,25.0,41.0,77.0,49.0,5.0,23.0,99.0,18.0,41.0,22.0,65.0,83.0,67.0,46.0,30.0,1.0,24.0,60.0,20.0,137.0,1.0,37.0,33.0,69.0,35.0,104.0,89.0,105.0,11.0,42.0,105.0,61.0,36.0,48.0,103.0,60.0,44.0,-27.0,84.0,26.0,,,,,,,,,,,,,,,,,,,,,,,,,,,,,,,,,
90,17014,28,35,24,44.0,0.0,33.0,97.0,53.0,46.0,103.0,29.0,27.0,42.0,14.0,59.0,40.0,72.0,41.0,38.0,13.0,27.0,-7.0,27.0,9.0,69.0,28.0,38.0,0.0,31.0,4.0,25.0,19.0,21.0,-10.0,-7.0,66.0,-3.0,94.0,-32.0,,,,,,,,,,,,,,,,,,,,,,,,,,,,,,,,,,,,,
91,17015,4,17,1,4.0,-7.0,7.0,41.0,26.0,-22.0,0.0,-22.0,6.0,4.0,0.0,-34.0,3.0,29.0,-10.0,27.0,-8.0,15.0,14.0,-6.0,7.0,49.0,-2.0,37.0,11.0,-9.0,30.0,-21.0,1.0,-33.0,-21.0,-10.0,-8.0,14.0,14.0,-7.0,37.0,-15.0,33.0,79.0,96.0,-11.0,14.0,-1.0,17.0,48.0,42.0,20.0,0.0,23.0,,,,,,,,,,,,,,,,,,,,,,,
92,17016,3,9,2,3.0,1.0,2.0,0.0,9.0,3.0,0.0,1.0,1.0,10.0,0.0,14.0,0.0,28.0,83.0,65.0,0.0,0.0,14.0,7.0,49.0,5.0,0.0,2.0,0.0,1.0,5.0,2.0,22.0,3.0,3.0,13.0,9.0,6.0,2.0,2.0,15.0,3.0,0.0,5.0,28.0,2.0,11.0,6.0,0.0,1.0,68.0,8.0,,,,,,,,,,,,,,,,,,,,,,,,,
93,17019,0,11,2,21.0,31.0,-10.0,33.0,41.0,24.0,159.0,-7.0,-7.0,3.0,4.0,0.0,-9.0,36.0,5.0,22.0,10.0,27.0,33.0,-10.0,-4.0,-3.0,-9.0,-8.0,-8.0,-3.0,7.0,17.0,-1.0,-9.0,-10.0,19.0,25.0,46.0,0.0,0.0,0.0,0.0,0.0,0.0,0.0,0.0,0.0,0.0,0.0,0.0,0.0,-17.0,,,,,,,,,,,,,,,,,,,,,,,,,
94,17020,10,-3,0,4.0,5.0,5.0,-8.0,-9.0,5.0,99.0,5.0,5.0,-7.0,4.0,28.0,30.0,32.0,30.0,16.0,10.0,14.0,9.0,18.0,19.0,22.0,-4.0,21.0,13.0,19.0,10.0,13.0,24.0,17.0,14.0,-10.0,12.0,0.0,49.0,4.0,-5.0,-5.0,-4.0,16.0,15.0,30.0,-7.0,3.0,12.0,37.0,-6.0,11.0,,,,,,,,,,,,,,,,,,,,,,,,,
95,17021,0,0,-9,9.0,0.0,36.0,15.0,-9.0,-7.0,52.0,24.0,8.0,-7.0,-10.0,1.0,7.0,-23.0,0.0,0.0,0.0,0.0,0.0,0.0,0.0,0.0,0.0,0.0,0.0,0.0,0.0,0.0,0.0,0.0,0.0,0.0,0.0,0.0,0.0,0.0,0.0,0.0,0.0,0.0,0.0,0.0,0.0,0.0,,,,,,,,,,,,,,,,,,,,,,,,,,,,,
96,17022,16,27,6,28.0,-9.0,28.0,-7.0,138.0,0.0,,,,,,,,,,,,,,,,,,,,,,,,,,,,,,,,,,,,,,,,,,,,,,,,,,,,,,,,,,,,,,,,,,,
97,17023,3,0,0,0.0,16.0,0.0,10.0,0.0,0.0,1.0,9.0,10.0,0.0,7.0,4.0,7.0,7.0,3.0,0.0,0.0,3.0,2.0,1.0,6.0,16.0,0.0,9.0,3.0,3.0,1.0,8.0,10.0,1.0,0.0,6.0,3.0,1.0,5.0,4.0,3.0,8.0,2.0,4.0,7.0,2.0,4.0,4.0,4.0,3.0,4.0,-18.0,,,,,,,,,,,,,,,,,,,,,,,,,
98,17024,68,78,28,-4.0,166.0,-14.0,110.0,-11.0,0.0,22.0,103.0,46.0,66.0,80.0,115.0,-10.0,251.0,36.0,50.0,224.0,100.0,59.0,175.0,168.0,202.0,139.0,46.0,52.0,157.0,87.0,225.0,109.0,85.0,123.0,3849.0,-24.0,85.0,11.0,3742.0,183.0,-16.0,103.0,38.0,68.0,127.0,-4.0,-10.0,9.0,-7.0,-28.0,-14.0,5.0,,,,,,,,,,,,,,,,,,,,,,,,
99,17027,4,5,11,-7.0,1.0,5.0,6.0,29.0,0.0,0.0,0.0,6.0,1.0,5.0,6.0,17.0,17.0,0.0,9.0,4.0,2.0,16.0,14.0,4.0,-1.0,-5.0,12.0,8.0,22.0,-4.0,3.0,2.0,18.0,5.0,4.0,3.0,6.0,2.0,2.0,6.0,14.0,-3.0,3.0,0.0,0.0,0.0,0.0,,,,,,,,,,,,,,,,,,,,,,,,,,,,,
100,17028,7,0,2,20.0,4.0,-18.0,-6.0,1.0,-13.0,31.0,23.0,6.0,14.0,-18.0,-3.0,11.0,-7.0,-23.0,10.0,-5.0,13.0,5.0,9.0,30.0,-7.0,-4.0,20.0,47.0,-2.0,24.0,-13.0,22.0,-3.0,-22.0,47.0,35.0,39.0,31.0,18.0,94.0,17.0,9.0,28.0,11.0,30.0,-4.0,-10.0,-5.0,36.0,4.0,96.0,,,,,,,,,,,,,,,,,,,,,,,,,
101,17057,20,22,79,-7.0,47.0,13.0,65.0,8.0,12.0,-1.0,-10.0,175.0,199.0,15.0,19.0,-8.0,30.0,-10.0,-12.0,43.0,40.0,39.0,57.0,113.0,-6.0,71.0,87.0,75.0,83.0,113.0,8.0,57.0,64.0,-10.0,57.0,-10.0,-8.0,-5.0,-6.0,51.0,29.0,66.0,52.0,1.0,0.0,-8.0,81.0,-11.0,-2.0,-13.0,13.0,4.0,0.0,,,,,,,,,,,,,,,,,,,,,,,
102,17058,0,-13,0,7.0,0.0,0.0,-3.0,-10.0,4.0,-10.0,1.0,-10.0,-5.0,0.0,0.0,3.0,-6.0,-3.0,0.0,0.0,65.0,-6.0,2.0,-7.0,-6.0,0.0,11.0,2.0,16.0,13.0,9.0,0.0,0.0,16.0,1.0,0.0,0.0,0.0,9.0,14.0,10.0,0.0,0.0,5.0,9.0,12.0,0.0,7.0,0.0,-8.0,,,,,,,,,,,,,,,,,,,,,,,,,,
103,17201,40,-18,-3,-4.0,15.0,3.0,1.0,-6.0,2.0,60.0,89.0,-2.0,11.0,-25.0,-3.0,47.0,34.0,107.0,-11.0,62.0,16.0,73.0,44.0,94.0,13.0,65.0,42.0,42.0,92.0,21.0,72.0,32.0,82.0,21.0,71.0,75.0,125.0,19.0,68.0,9.0,52.0,52.0,109.0,25.0,76.0,40.0,32.0,119.0,2.0,52.0,107.0,188.0,23.0,74.0,29.0,74.0,30.0,82.0,-17.0,65.0,27.0,79.0,4.0,90.0,5.0,9.0,61.0,49.0,98.0,0.0,54.0,43.0,5.0,5.0,5.0,3.0
104,17202,3,0,4,0.0,0.0,4.0,10.0,3.0,0.0,6.0,1.0,19.0,19.0,1.0,2.0,5.0,6.0,11.0,5.0,9.0,3.0,3.0,4.0,7.0,5.0,3.0,6.0,3.0,9.0,8.0,6.0,3.0,5.0,4.0,2.0,2.0,2.0,0.0,0.0,0.0,0.0,0.0,0.0,0.0,0.0,0.0,0.0,0.0,0.0,0.0,119.0,,,,,,,,,,,,,,,,,,,,,,,,,
105,17205,36,52,-8,105.0,129.0,186.0,126.0,134.0,106.0,22.0,19.0,137.0,140.0,94.0,27.0,82.0,100.0,0.0,112.0,-11.0,11.0,45.0,0.0,36.0,19.0,56.0,8.0,79.0,88.0,-5.0,19.0,67.0,3.0,-5.0,36.0,87.0,52.0,40.0,24.0,-1.0,31.0,-10.0,27.0,36.0,5.0,49.0,19.0,31.0,7.0,22.0,78.0,,,,,,,,,,,,,,,,,,,,,,,,,
106,17206,59,36,54,33.0,32.0,71.0,65.0,30.0,37.0,41.0,21.0,79.0,56.0,39.0,59.0,60.0,46.0,44.0,60.0,88.0,52.0,45.0,36.0,55.0,108.0,43.0,128.0,34.0,83.0,53.0,191.0,110.0,88.0,64.0,90.0,67.0,74.0,77.0,125.0,55.0,103.0,-41.0,5.0,84.0,36.0,136.0,189.0,148.0,20.0,116.0,-8.0,,,,,,,,,,,,,,,,,,,,,,,,,
107,17207,0,72,129,116.0,136.0,113.0,35.0,30.0,76.0,16.0,118.0,37.0,4.0,3.0,43.0,37.0,108.0,51.0,31.0,11.0,26.0,24.0,77.0,-9.0,-8.0,13.0,17.0,0.0,0.0,0.0,0.0,0.0,0.0,0.0,0.0,0.0,0.0,0.0,0.0,0.0,0.0,0.0,0.0,0.0,0.0,0.0,0.0,0.0,0.0,0.0,28.0,,,,,,,,,,,,,,,,,,,,,,,,,
108,17208,48,52,172,9.0,4.0,69.0,96.0,36.0,92.0,39.0,23.0,25.0,130.0,99.0,-3.0,64.0,120.0,67.0,40.0,66.0,39.0,28.0,43.0,24.0,51.0,58.0,59.0,128.0,19.0,75.0,44.0,72.0,17.0,69.0,48.0,20.0,67.0,147.0,1.0,26.0,-5.0,73.0,74.0,59.0,87.0,42.0,12.0,24.0,20.0,-18.0,,,,,,,,,,,,,,,,,,,,,,,,,,
109,17221,4,4,9,3.0,4.0,16.0,-6.0,12.0,10.0,-10.0,-3.0,-14.0,-9.0,-11.0,0.0,17.0,39.0,-10.0,-18.0,8.0,-10.0,5.0,0.0,64.0,24.0,12.0,46.0,22.0,3.0,35.0,-9.0,3.0,-1.0,20.0,44.0,34.0,41.0,30.0,-7.0,-10.0,-4.0,4.0,36.0,10.0,1.0,29.0,2.0,-10.0,-6.0,17.0,33.0,,,,,,,,,,,,,,,,,,,,,,,,,
110,17222,70,20,0,42.0,60.0,92.0,147.0,79.0,48.0,11.0,61.0,11.0,70.0,90.0,10.0,62.0,101.0,73.0,83.0,360.0,155.0,54.0,13.0,45.0,483.0,30.0,46.0,42.0,50.0,95.0,45.0,70.0,55.0,92.0,72.0,360.0,80.0,97.0,73.0,117.0,78.0,34.0,64.0,50.0,72.0,74.0,164.0,132.0,109.0,52.0,14.0,,,,,,,,,,,,,,,,,,,,,,,,,
111,17229,3,8,5,181.0,266.0,13.0,-7.0,15.0,-2.0,2.0,-10.0,32.0,-22.0,-11.0,199.0,19.0,-40.0,5.0,-33.0,-26.0,25.0,211.0,10.0,0.0,218.0,253.0,11.0,209.0,155.0,-4.0,-41.0,177.0,6.0,-21.0,-11.0,-14.0,-10.0,-3.0,-6.0,14.0,-24.0,8.0,-6.0,-8.0,-24.0,9.0,0.0,-24.0,-3.0,4.0,12.0,,,,,,,,,,,,,,,,,,,,,,,,,
112,17230,2,0,9,2.0,0.0,0.0,8.0,0.0,12.0,2.0,7.0,6.0,2.0,2.0,8.0,15.0,0.0,1.0,14.0,0.0,3.0,11.0,2.0,8.0,0.0,2.0,0.0,0.0,2.0,2.0,11.0,1.0,10.0,10.0,0.0,0.0,10.0,4.0,0.0,1.0,1.0,1.0,2.0,0.0,6.0,0.0,0.0,8.0,2.0,38.0,13.0,,,,,,,,,,,,,,,,,,,,,,,,,
113,17231,1,-32,25,-5.0,-1.0,0.0,4.0,218.0,-10.0,18.0,-23.0,65.0,0.0,25.0,11.0,0.0,0.0,3.0,6.0,9.0,-8.0,-1.0,10.0,20.0,-61.0,13.0,-27.0,-20.0,3.0,11.0,14.0,-10.0,11.0,-37.0,17.0,11.0,0.0,10.0,-38.0,-17.0,23.0,8.0,-17.0,32.0,0.0,-31.0,15.0,0.0,-8.0,-5.0,168.0,,,,,,,,,,,,,,,,,,,,,,,,,
114,17232,38,53,110,45.0,2.0,5.0,285.0,135.0,464.0,35.0,371.0,117.0,4.0,20.0,10.0,42.0,24.0,30.0,136.0,13.0,6.0,19.0,48.0,55.0,158.0,37.0,146.0,27.0,0.0,30.0,0.0,15.0,13.0,44.0,69.0,48.0,16.0,0.0,48.0,89.0,13.0,161.0,26.0,296.0,46.0,26.0,40.0,16.0,12.0,45.0,1.0,,,,,,,,,,,,,,,,,,,,,,,,,
115,17233,0,0,0,7.0,0.0,37.0,5.0,47.0,10.0,17.0,0.0,7.0,6.0,1.0,2.0,10.0,5.0,4.0,7.0,2.0,2.0,2.0,2.0,0.0,0.0,0.0,0.0,0.0,0.0,0.0,0.0,0.0,0.0,0.0,0.0,0.0,0.0,0.0,0.0,0.0,0.0,0.0,0.0,0.0,0.0,0.0,0.0,0.0,0.0,0.0,12.0,,,,,,,,,,,,,,,,,,,,,,,,,
116,17234,0,27,27,-9.0,27.0,27.0,59.0,-14.0,42.0,75.0,-4.0,1.0,34.0,-16.0,20.0,68.0,2.0,32.0,0.0,0.0,0.0,0.0,0.0,0.0,0.0,0.0,0.0,0.0,0.0,0.0,0.0,0.0,0.0,0.0,0.0,0.0,0.0,0.0,0.0,0.0,0.0,0.0,0.0,0.0,0.0,0.0,0.0,0.0,0.0,0.0,0.0,0.0,0.0,0.0,0.0,11.0,,,,,,,,,,,,,,,,,,,,
117,17255,11,-8,24,0.0,10.0,21.0,0.0,-7.0,27.0,15.0,15.0,-6.0,-6.0,0.0,2.0,10.0,54.0,28.0,-11.0,35.0,7.0,47.0,0.0,11.0,-8.0,14.0,1.0,26.0,23.0,31.0,8.0,2.0,-6.0,13.0,13.0,13.0,-11.0,-10.0,14.0,14.0,22.0,9.0,16.0,37.0,12.0,4.0,0.0,21.0,10.0,24.0,11.0,14.0,2.0,,,,,,,,,,,,,,,,,,,,,,,
118,17256,10,2,19,6.0,13.0,3.0,11.0,6.0,0.0,0.0,-2.0,0.0,15.0,7.0,1.0,21.0,10.0,19.0,14.0,6.0,0.0,4.0,6.0,9.0,3.0,118.0,20.0,25.0,10.0,10.0,4.0,10.0,2.0,7.0,20.0,27.0,11.0,7.0,16.0,17.0,53.0,25.0,33.0,37.0,42.0,17.0,-4.0,34.0,27.0,41.0,43.0,,,,,,,,,,,,,,,,,,,,,,,,,
119,17321,46,175,45,107.0,67.0,51.0,290.0,58.0,48.0,141.0,68.0,263.0,227.0,103.0,196.0,41.0,100.0,50.0,2.0,31.0,43.0,23.0,55.0,14.0,-1.0,-10.0,41.0,17.0,37.0,26.0,0.0,-1.0,106.0,,,,,,,,,,,,,,,,,,,,,,,,,,,,,,,,,,,,,,,,,,,
120,17322,347,397,320,256.0,575.0,240.0,449.0,278.0,310.0,135.0,337.0,666.0,324.0,446.0,347.0,370.0,292.0,437.0,393.0,431.0,333.0,258.0,396.0,432.0,603.0,404.0,347.0,289.0,114.0,,,,,,,,,,,,,,,,,,,,,,,,,,,,,,,,,,,,,,,,,,,,,,,
121,17405,68,70,51,107.0,136.0,105.0,55.0,42.0,233.0,10.0,25.0,49.0,55.0,80.0,114.0,102.0,68.0,124.0,122.0,207.0,103.0,80.0,38.0,28.0,41.0,372.0,136.0,111.0,25.0,187.0,228.0,46.0,135.0,180.0,15.0,-1.0,-8.0,60.0,3.0,62.0,98.0,0.0,68.0,106.0,88.0,3.0,0.0,-8.0,-30.0,38.0,,,,,,,,,,,,,,,,,,,,,,,,,,
122,17406,6,7,33,0.0,0.0,-5.0,63.0,36.0,-1.0,30.0,1.0,-6.0,12.0,22.0,0.0,0.0,2.0,29.0,0.0,0.0,23.0,20.0,31.0,39.0,-8.0,47.0,29.0,36.0,20.0,24.0,0.0,-17.0,53.0,-2.0,-3.0,31.0,54.0,5.0,2.0,-5.0,-3.0,6.0,-2.0,12.0,-1.0,-4.0,18.0,69.0,,,,,,,,,,,,,,,,,,,,,,,,,,,,
123,17417,83,225,117,132.0,161.0,123.0,57.0,117.0,115.0,109.0,41.0,172.0,157.0,150.0,181.0,118.0,135.0,75.0,151.0,249.0,97.0,135.0,69.0,51.0,139.0,85.0,75.0,9.0,100.0,72.0,81.0,109.0,202.0,90.0,36.0,49.0,80.0,29.0,98.0,0.0,0.0,0.0,0.0,0.0,0.0,0.0,0.0,0.0,0.0,0.0,4.0,,,,,,,,,,,,,,,,,,,,,,,,,
124,17418,0,40,-10,73.0,97.0,67.0,27.0,4.0,81.0,16.0,96.0,18.0,40.0,74.0,45.0,0.0,42.0,-8.0,15.0,-10.0,-8.0,15.0,9.0,-1.0,41.0,3.0,1.0,27.0,-9.0,21.0,5.0,2.0,0.0,0.0,0.0,0.0,0.0,0.0,0.0,0.0,0.0,0.0,0.0,0.0,0.0,0.0,0.0,0.0,0.0,0.0,-21.0,,,,,,,,,,,,,,,,,,,,,,,,,
125,17626,0,145,0,0.0,0.0,0.0,0.0,0.0,0.0,0.0,0.0,0.0,0.0,0.0,0.0,0.0,0.0,0.0,0.0,0.0,0.0,0.0,0.0,0.0,0.0,0.0,0.0,0.0,0.0,0.0,0.0,0.0,0.0,0.0,0.0,0.0,0.0,0.0,0.0,0.0,0.0,,,,,,,,,,,,,,,,,,,,,,,,,,,,,,,,,,,
126,17645,4,26,0,0.0,0.0,38.0,0.0,3.0,0.0,214.0,0.0,0.0,36.0,67.0,1.0,9.0,1.0,5.0,1.0,7.0,3.0,6.0,4.0,1.0,4.0,5.0,4.0,4.0,6.0,21.0,3.0,5.0,3.0,1.0,1.0,12.0,2.0,8.0,12.0,4.0,1.0,11.0,,,,,,,,,,,,,,,,,,,,,,,,,,,,,,,,,,
127,17646,25,3,40,94.0,0.0,,,,,,,,,,,,,,,,,,,,,,,,,,,,,,,,,,,,,,,,,,,,,,,,,,,,,,,,,,,,,,,,,,,,,,,
128,17659,5,26,20,7.0,11.0,5.0,4.0,4.0,0.0,81.0,,,,,,,,,,,,,,,,,,,,,,,,,,,,,,,,,,,,,,,,,,,,,,,,,,,,,,,,,,,,,,,,,,
129,17660,80,79,38,,,,,,,,,,,,,,,,,,,,,,,,,,,,,,,,,,,,,,,,,,,,,,,,,,,,,,,,,,,,,,,,,,,,,,,,,
130,17663,15,31,42,-2.0,23.0,9.0,48.0,75.0,66.0,13.0,15.0,12.0,-9.0,-8.0,6.0,5.0,36.0,29.0,12.0,23.0,,,,,,,,,,,,,,,,,,,,,,,,,,,,,,,,,,,,,,,,,,,,,,,,,,,,,,,,
131,17664,0,7,83,0.0,4.0,18.0,3.0,4.0,19.0,-6.0,-28.0,9.0,-10.0,-1.0,4.0,7.0,-3.0,-1.0,0.0,-9.0,-10.0,-43.0,-4.0,-7.0,6.0,-10.0,3.0,-9.0,-4.0,-10.0,8.0,-8.0,-9.0,-10.0,8.0,94.0,51.0,-2.0,-27.0,,,,,,,,,,,,,,,,,,,,,,,,,,,,,,,,,,,,,
132,18045,120,215,132,95.0,104.0,0.0,85.0,170.0,130.0,158.0,356.0,106.0,224.0,168.0,170.0,151.0,137.0,91.0,210.0,44.0,195.0,106.0,30.0,208.0,224.0,70.0,230.0,201.0,91.0,89.0,101.0,182.0,160.0,139.0,97.0,177.0,62.0,150.0,26.0,106.0,35.0,74.0,76.0,67.0,89.0,171.0,162.0,102.0,110.0,133.0,11.0,,,,,,,,,,,,,,,,,,,,,,,,,
133,18046,23,3,18,36.0,18.0,7.0,3.0,12.0,22.0,24.0,26.0,17.0,8.0,24.0,10.0,43.0,14.0,0.0,10.0,40.0,25.0,19.0,27.0,20.0,20.0,28.0,29.0,20.0,24.0,43.0,26.0,21.0,58.0,31.0,26.0,8.0,32.0,35.0,29.0,23.0,24.0,10.0,44.0,31.0,8.0,23.0,26.0,16.0,49.0,18.0,58.0,,,,,,,,,,,,,,,,,,,,,,,,,
134,18111,60,134,98,123.0,17.0,150.0,141.0,156.0,140.0,186.0,120.0,92.0,32.0,14.0,16.0,43.0,31.0,92.0,49.0,115.0,89.0,61.0,178.0,106.0,168.0,69.0,43.0,36.0,51.0,177.0,171.0,148.0,247.0,55.0,223.0,212.0,59.0,125.0,59.0,0.0,0.0,0.0,0.0,0.0,0.0,0.0,0.0,0.0,0.0,0.0,-10.0,,,,,,,,,,,,,,,,,,,,,,,,,
135,18112,5,28,2,33.0,13.0,-3.0,-7.0,-17.0,-9.0,3.0,-12.0,-36.0,46.0,19.0,41.0,2.0,21.0,23.0,18.0,-6.0,20.0,16.0,12.0,7.0,59.0,41.0,35.0,-6.0,5.0,5.0,6.0,-8.0,4.0,-9.0,14.0,41.0,-3.0,5.0,5.0,5.0,5.0,5.0,5.0,5.0,5.0,5.0,5.0,5.0,5.0,5.0,0.0,,,,,,,,,,,,,,,,,,,,,,,,,
136,18503,49,86,10,62.0,43.0,139.0,79.0,75.0,47.0,75.0,94.0,0.0,27.0,32.0,52.0,55.0,27.0,83.0,10.0,83.0,9.0,52.0,81.0,27.0,49.0,11.0,35.0,71.0,8.0,50.0,5.0,18.0,52.0,82.0,95.0,0.0,107.0,20.0,116.0,38.0,55.0,54.0,57.0,28.0,6.0,64.0,63.0,21.0,0.0,48.0,25.0,,,,,,,,,,,,,,,,,,,,,,,,,
137,18504,15,-4,1,30.0,83.0,23.0,-17.0,10.0,53.0,25.0,19.0,18.0,0.0,3.0,5.0,44.0,99.0,39.0,-45.0,40.0,19.0,15.0,0.0,32.0,8.0,46.0,16.0,14.0,46.0,15.0,13.0,62.0,89.0,-9.0,3.0,21.0,-1.0,2.0,18.0,23.0,23.0,7.0,-28.0,25.0,10.0,-8.0,39.0,6.0,-8.0,-1.0,31.0,,,,,,,,,,,,,,,,,,,,,,,,,
138,18519,34,10,9,8.0,13.0,11.0,15.0,42.0,34.0,97.0,69.0,44.0,32.0,31.0,30.0,2.0,24.0,46.0,29.0,34.0,15.0,37.0,36.0,72.0,50.0,66.0,60.0,112.0,88.0,35.0,322.0,43.0,36.0,37.0,17.0,25.0,20.0,76.0,119.0,43.0,63.0,30.0,30.0,9.0,45.0,25.0,24.0,32.0,31.0,36.0,25.0,,,,,,,,,,,,,,,,,,,,,,,,,
139,18520,28,13,18,1.0,-10.0,8.0,137.0,65.0,-5.0,37.0,28.0,104.0,-6.0,4.0,13.0,134.0,-6.0,20.0,27.0,-9.0,31.0,29.0,-10.0,14.0,41.0,25.0,8.0,25.0,48.0,36.0,100.0,61.0,40.0,182.0,54.0,50.0,63.0,14.0,407.0,118.0,19.0,161.0,28.0,82.0,16.0,12.0,16.0,206.0,234.0,580.0,2.0,,,,,,,,,,,,,,,,,,,,,,,,,
140,20701,1,0,10,0.0,0.0,0.0,2.0,0.0,0.0,0.0,1.0,1.0,2.0,1.0,0.0,1.0,0.0,6.0,2.0,0.0,0.0,8.0,0.0,1.0,2.0,9.0,9.0,2.0,0.0,1.0,1.0,2.0,0.0,7.0,6.0,1.0,1.0,2.0,2.0,1.0,0.0,1.0,2.0,1.0,0.0,1.0,4.0,2.0,4.0,1.0,18.0,,,,,,,,,,,,,,,,,,,,,,,,,
141,20702,3,2,5,3.0,9.0,-7.0,-4.0,-5.0,-7.0,3.0,20.0,11.0,-2.0,0.0,37.0,13.0,-5.0,27.0,-11.0,1.0,9.0,-3.0,82.0,15.0,14.0,-4.0,8.0,7.0,2.0,7.0,17.0,5.0,1.0,8.0,-10.0,-3.0,7.0,-7.0,-7.0,68.0,-7.0,10.0,13.0,4.0,7.0,2.0,0.0,3.0,2.0,8.0,2.0,,,,,,,,,,,,,,,,,,,,,,,,,
142,20707,3,7,2,6.0,2.0,0.0,2.0,7.0,9.0,7.0,15.0,3.0,0.0,0.0,0.0,0.0,2.0,12.0,0.0,1.0,1.0,0.0,6.0,9.0,9.0,0.0,3.0,3.0,2.0,0.0,2.0,2.0,7.0,0.0,11.0,3.0,6.0,6.0,1.0,5.0,8.0,7.0,1.0,2.0,7.0,2.0,13.0,10.0,93.0,102.0,-24.0,,,,,,,,,,,,,,,,,,,,,,,,,
143,20708,0,-3,-22,10.0,-7.0,-26.0,-17.0,-29.0,-10.0,-7.0,-11.0,-6.0,39.0,8.0,-23.0,0.0,-9.0,-17.0,-17.0,-20.0,-4.0,-6.0,1.0,1.0,0.0,7.0,13.0,5.0,-17.0,-2.0,-4.0,-10.0,-2.0,-12.0,-3.0,-5.0,-7.0,4.0,0.0,-23.0,-7.0,51.0,169.0,22.0,5.0,4.0,2.0,-27.0,-8.0,29.0,11.0,,,,,,,,,,,,,,,,,,,,,,,,,
144,20809,59,58,4,190.0,83.0,88.0,72.0,148.0,91.0,53.0,25.0,82.0,15.0,213.0,273.0,45.0,96.0,37.0,139.0,75.0,15.0,71.0,39.0,2.0,41.0,96.0,18.0,19.0,10.0,0.0,100.0,93.0,65.0,47.0,104.0,24.0,76.0,49.0,46.0,19.0,88.0,99.0,171.0,11.0,128.0,193.0,60.0,0.0,16.0,23.0,-2.0,,,,,,,,,,,,,,,,,,,,,,,,,
145,20810,12,234,0,33.0,0.0,-9.0,4.0,118.0,120.0,30.0,7.0,8.0,1.0,45.0,244.0,322.0,185.0,23.0,-8.0,-8.0,338.0,75.0,36.0,25.0,40.0,47.0,33.0,0.0,-7.0,35.0,17.0,2.0,180.0,1.0,-5.0,166.0,-6.0,-1.0,6.0,1.0,-12.0,24.0,-5.0,-7.0,-2.0,26.0,0.0,119.0,0.0,20.0,6.0,,,,,,,,,,,,,,,,,,,,,,,,,
146,20811,20,17,-6,19.0,11.0,-26.0,-2.0,23.0,20.0,81.0,61.0,320.0,75.0,39.0,140.0,215.0,28.0,462.0,220.0,24.0,15.0,0.0,3.0,9.0,112.0,15.0,15.0,36.0,3.0,-1.0,59.0,5.0,43.0,55.0,15.0,25.0,4.0,10.0,75.0,-44.0,-160.0,10.0,21.0,5.0,41.0,18.0,56.0,29.0,91.0,51.0,0.0,,,,,,,,,,,,,,,,,,,,,,,,,
147,20812,15,7,7,7.0,22.0,45.0,81.0,6.0,-3.0,22.0,-6.0,33.0,51.0,17.0,-5.0,309.0,13.0,0.0,102.0,-10.0,221.0,322.0,41.0,228.0,-3.0,460.0,190.0,1.0,2.0,-10.0,0.0,-7.0,24.0,17.0,25.0,46.0,19.0,7.0,26.0,-2.0,-9.0,29.0,31.0,11.0,-2.0,49.0,-1.0,-1.0,7.0,27.0,-16.0,,,,,,,,,,,,,,,,,,,,,,,,,
148,20833,0,-8,-19,120.0,4.0,-22.0,-16.0,-10.0,-12.0,6.0,12.0,-9.0,1.0,-10.0,-11.0,252.0,-9.0,2.0,-9.0,-23.0,-12.0,-8.0,11.0,-14.0,8.0,-1.0,1.0,-22.0,-9.0,-2.0,8.0,3.0,6.0,4.0,-2.0,-9.0,14.0,17.0,79.0,167.0,19.0,-15.0,36.0,205.0,319.0,-15.0,5.0,-4.0,102.0,-2.0,7.0,,,,,,,,,,,,,,,,,,,,,,,,,
149,20834,1,8,0,7.0,0.0,0.0,0.0,3.0,2.0,1.0,8.0,0.0,0.0,1.0,10.0,9.0,0.0,6.0,241.0,1.0,7.0,0.0,1.0,0.0,0.0,0.0,7.0,0.0,10.0,0.0,8.0,0.0,3.0,0.0,1.0,5.0,9.0,2.0,1.0,9.0,78.0,0.0,0.0,11.0,0.0,312.0,0.0,1.0,7.0,1.0,0.0,,,,,,,,,,,,,,,,,,,,,,,,,
150,20967,6,9,0,2.0,8.0,9.0,0.0,0.0,12.0,1.0,7.0,10.0,20.0,4.0,30.0,6.0,0.0,6.0,,,,,,,,,,,,,,,,,,,,,,,,,,,,,,,,,,,,,,,,,,,,,,,,,,,,,,,,,,
151,20968,0,-37,9,-7.0,0.0,-22.0,-5.0,1.0,18.0,-4.0,0.0,297.0,256.0,9.0,,,,,,,,,,,,,,,,,,,,,,,,,,,,,,,,,,,,,,,,,,,,,,,,,,,,,,,,,,,,,,
152,22203,0,-17,-24,15.0,-3.0,83.0,-5.0,3.0,-31.0,-31.0,-19.0,-1.0,-13.0,-23.0,7.0,-22.0,7.0,-5.0,0.0,3.0,-5.0,-12.0,-7.0,-2.0,-38.0,-8.0,-20.0,-35.0,-9.0,-32.0,8.0,-10.0,20.0,-8.0,-10.0,3.0,29.0,-8.0,10.0,-2.0,-14.0,-7.0,19.0,-4.0,-5.0,8.0,-7.0,-5.0,-2.0,-9.0,1.0,,,,,,,,,,,,,,,,,,,,,,,,,
153,22204,4,0,10,1.0,3.0,3.0,1.0,9.0,0.0,9.0,10.0,8.0,11.0,15.0,2.0,0.0,0.0,16.0,0.0,2.0,12.0,10.0,0.0,2.0,0.0,14.0,13.0,0.0,7.0,8.0,3.0,11.0,0.0,29.0,6.0,0.0,1.0,9.0,9.0,10.0,8.0,48.0,3.0,2.0,1.0,10.0,13.0,18.0,1.0,0.0,4.0,,,,,,,,,,,,,,,,,,,,,,,,,
154,22533,90,19,20,19.0,22.0,61.0,49.0,73.0,212.0,224.0,654.0,191.0,135.0,53.0,112.0,61.0,364.0,162.0,47.0,157.0,195.0,226.0,103.0,154.0,191.0,18.0,14.0,56.0,356.0,78.0,-3.0,49.0,16.0,-9.0,220.0,134.0,301.0,5.0,-10.0,63.0,12.0,129.0,277.0,183.0,121.0,183.0,29.0,,,,,,,,,,,,,,,,,,,,,,,,,,,,,
155,22534,20,37,6,7.0,7.0,43.0,17.0,42.0,3.0,0.0,0.0,16.0,6.0,-3.0,20.0,1.0,35.0,50.0,-6.0,72.0,83.0,49.0,71.0,49.0,26.0,36.0,13.0,31.0,27.0,44.0,14.0,15.0,126.0,12.0,13.0,-9.0,26.0,5.0,25.0,54.0,20.0,-2.0,,,,,,,,,,,,,,,,,,,,,,,,,,,,,,,,,,
156,22691,1,-4,-5,14.0,193.0,5.0,8.0,0.0,1.0,17.0,0.0,-3.0,-25.0,-7.0,-4.0,-1.0,-8.0,-5.0,6.0,-1.0,-2.0,25.0,35.0,17.0,8.0,26.0,12.0,8.0,-9.0,2.0,24.0,13.0,10.0,-3.0,12.0,4.0,-6.0,0.0,1.0,-9.0,1.0,10.0,-9.0,-10.0,1.0,15.0,10.0,1.0,18.0,55.0,33.0,,,,,,,,,,,,,,,,,,,,,,,,,
157,22692,53,50,44,81.0,50.0,11.0,-10.0,74.0,96.0,43.0,12.0,255.0,120.0,54.0,57.0,53.0,57.0,32.0,-1.0,30.0,30.0,53.0,40.0,43.0,43.0,28.0,42.0,59.0,57.0,77.0,123.0,101.0,42.0,42.0,84.0,55.0,88.0,73.0,33.0,53.0,50.0,68.0,25.0,73.0,84.0,9.0,63.0,100.0,54.0,68.0,1.0,,,,,,,,,,,,,,,,,,,,,,,,,
158,22705,27,29,27,0.0,24.0,27.0,53.0,17.0,25.0,48.0,16.0,-5.0,15.0,48.0,90.0,41.0,58.0,38.0,15.0,-4.0,23.0,86.0,9.0,43.0,16.0,52.0,42.0,27.0,5.0,7.0,83.0,54.0,78.0,50.0,20.0,35.0,92.0,26.0,30.0,54.0,28.0,63.0,47.0,49.0,10.0,12.0,21.0,32.0,18.0,7.0,35.0,,,,,,,,,,,,,,,,,,,,,,,,,
159,22706,180,432,4,233.0,1939.0,847.0,988.0,27.0,68.0,214.0,516.0,147.0,250.0,248.0,-1374.0,99.0,121.0,319.0,127.0,28.0,0.0,79.0,379.0,342.0,117.0,239.0,122.0,132.0,316.0,222.0,194.0,160.0,247.0,302.0,167.0,546.0,290.0,98.0,243.0,208.0,693.0,165.0,47.0,81.0,260.0,32.0,33.0,41.0,77.0,279.0,2.0,,,,,,,,,,,,,,,,,,,,,,,,,
160,22717,28,10,84,60.0,61.0,62.0,33.0,53.0,56.0,47.0,21.0,2.0,20.0,12.0,53.0,62.0,50.0,96.0,28.0,-13.0,106.0,55.0,6.0,-1.0,-2.0,5.0,12.0,7.0,299.0,-19.0,-8.0,-24.0,40.0,2.0,-5.0,-9.0,44.0,9.0,8.0,70.0,2.0,20.0,48.0,47.0,42.0,10.0,-8.0,115.0,29.0,70.0,95.0,0.0,,,,,,,,,,,,,,,,,,,,,,,,
161,22718,1,0,0,0.0,10.0,4.0,0.0,13.0,6.0,0.0,19.0,13.0,192.0,142.0,1.0,12.0,9.0,16.0,1.0,1.0,4.0,4.0,7.0,0.0,0.0,1.0,0.0,4.0,6.0,1.0,1.0,0.0,0.0,0.0,0.0,6.0,1.0,0.0,1.0,0.0,7.0,0.0,0.0,31.0,10.0,15.0,21.0,8.0,8.0,0.0,102.0,,,,,,,,,,,,,,,,,,,,,,,,,
162,22737,45,19,60,231.0,81.0,0.0,0.0,175.0,487.0,126.0,0.0,71.0,0.0,47.0,6.0,53.0,100.0,0.0,50.0,102.0,20.0,77.0,69.0,32.0,78.0,0.0,0.0,0.0,46.0,134.0,90.0,111.0,78.0,45.0,60.0,17.0,7.0,5.0,13.0,120.0,0.0,91.0,50.0,0.0,2.0,13.0,41.0,8.0,34.0,4.0,5.0,,,,,,,,,,,,,,,,,,,,,,,,,
163,22738,0,-11,-4,7.0,-8.0,10.0,24.0,-9.0,-10.0,-21.0,6.0,-7.0,31.0,-38.0,-11.0,25.0,1.0,-21.0,-21.0,-14.0,-15.0,33.0,37.0,-3.0,38.0,-4.0,-7.0,-2.0,-32.0,-25.0,7.0,3.0,-34.0,166.0,-5.0,-21.0,18.0,0.0,4.0,-42.0,-2.0,29.0,10.0,15.0,-18.0,-25.0,-14.0,20.0,-10.0,57.0,92.0,,,,,,,,,,,,,,,,,,,,,,,,,
164,22849,19,131,124,152.0,123.0,-7.0,153.0,110.0,121.0,70.0,187.0,157.0,84.0,-152.0,182.0,83.0,411.0,161.0,-10.0,225.0,-13.0,5.0,40.0,10.0,-20.0,114.0,10.0,34.0,223.0,75.0,-7.0,2.0,76.0,323.0,19.0,18.0,-7.0,39.0,-10.0,-6.0,-24.0,-40.0,0.0,0.0,0.0,0.0,0.0,0.0,0.0,0.0,0.0,198.0,,,,,,,,,,,,,,,,,,,,,,,,
165,22850,4,0,0,1.0,2.0,45.0,6.0,69.0,19.0,0.0,0.0,11.0,0.0,31.0,2.0,13.0,0.0,14.0,9.0,8.0,2.0,5.0,5.0,2.0,2.0,3.0,6.0,5.0,5.0,2.0,1.0,6.0,6.0,10.0,3.0,1.0,7.0,2.0,6.0,4.0,2.0,3.0,5.0,6.0,12.0,6.0,0.0,0.0,0.0,0.0,10.0,,,,,,,,,,,,,,,,,,,,,,,,,
166,22881,6,-4,9,71.0,36.0,9.0,7.0,4.0,-226.0,33.0,13.0,0.0,14.0,-8.0,-6.0,39.0,6.0,14.0,-6.0,7.0,-7.0,31.0,-53.0,-5.0,51.0,-39.0,0.0,-3.0,-2.0,16.0,7.0,6.0,26.0,3.0,58.0,21.0,-3.0,39.0,-1.0,11.0,-10.0,19.0,18.0,41.0,-10.0,0.0,-4.0,-7.0,-10.0,-10.0,-3.0,,,,,,,,,,,,,,,,,,,,,,,,,
167,22882,26,-10,94,123.0,28.0,47.0,-9.0,22.0,86.0,-17.0,178.0,-9.0,-8.0,-10.0,25.0,38.0,47.0,-26.0,90.0,18.0,-8.0,-6.0,9.0,8.0,13.0,217.0,61.0,44.0,4.0,38.0,2.0,-8.0,49.0,40.0,-31.0,478.0,61.0,43.0,18.0,8.0,11.0,30.0,8.0,46.0,-14.0,31.0,242.0,57.0,126.0,51.0,,,,,,,,,,,,,,,,,,,,,,,,,,
